"iso3c","date","region","income_level","data_papers_3yr","data_use_reg_adjusted_3yr","SPI.INDEX.PIL2.4.5_3yr_adjusted","SPI.INDEX.PIL2.4.5_3yr","SP.POP.TOTL","NY.GDP.PCAP.PP.KD","SPI.INDEX.PIL2_3yr","SPI.INDEX.PIL4_3yr","SPI.INDEX.PIL5_3yr","SPI.INDEX.PIL2","SPI.INDEX.PIL4","SPI.INDEX.PIL5","category"
"AFG",2020,"South Asia","Low income",14,-0.324467807063229,-0.0312094871616968,37.8648148148148,38972230,1968.34100152116,59.7444444444444,17.1833333333333,36.6666666666667,59.4333333333333,20.4,40,"Desert"
"AGO",2020,"Sub-Saharan Africa","Lower middle income",4.66666666666667,-1.83723285864567,-0.162246556680078,43.6944444444444,33428486,6029.69189495339,59.1,33.65,38.3333333333333,62.7,43.2166666666667,35,"Desert"
"ARE",2020,"Middle East & North Africa","High income",13,-1.09225043557251,-0.45720098731736,53.1509259259259,9287289,67668.2866413265,39.6777777777778,54.775,65,45.3,57.4916666666667,65,"Desert"
"BDI",2020,"Sub-Saharan Africa","Low income",3,-0.64676932225879,0.384389669205588,38.9194444444444,12220227,711.355263423169,62.4777777777778,19.2805555555556,35,64.0333333333333,15.7416666666667,35,"Desert"
"BEN",2020,"Sub-Saharan Africa","Lower middle income",11.6666666666667,0.00145287728479104,0.0528381907535387,41.3824074074074,12643123,3186.48629441558,62.1666666666667,31.9805555555556,30,69.9,32.475,35,"Desert"
"BHR",2020,"Middle East & North Africa","High income",5.33333333333333,-0.634818945760794,-0.266780394757361,48.3259259259259,1477469,47994.4142924226,66.9222222222222,48.0555555555556,30,72.2333333333333,59.5666666666667,30,"Desert"
"BOL",2020,"Latin America & Caribbean","Lower middle income",8.33333333333333,-0.701285043434845,-0.0189989713439473,48.0981481481481,11936162,7679.93319449802,67.8111111111111,54.8166666666667,21.6666666666667,66.3666666666667,55.7166666666667,30,"Desert"
"CAF",2020,"Sub-Saharan Africa","Low income",2.33333333333333,-0.442653402132721,-0.325537787131346,18.3333333333333,5343020,847.765012420583,NA,NA,18.3333333333333,NA,NA,20,"Desert"
"CIV",2020,"Sub-Saharan Africa","Lower middle income",5.33333333333333,-1.48330190347599,-0.0985251073155808,43.5324074074074,26811790,5092.16347103251,61.3222222222222,37.6083333333333,31.6666666666667,64.1666666666667,38.4916666666667,40,"Desert"
"COD",2020,"Sub-Saharan Africa","Low income",15.6666666666667,-0.483506612447342,-0.197816331172123,29.8314814814815,92853164,1044.07121384631,51.3111111111111,18.1833333333333,20,68.0666666666667,18.2,20,"Desert"
"DJI",2020,"Middle East & North Africa","Lower middle income",1,-1.05123068362312,0.0222787283134105,34.2712962962963,1090156,4753.8878860134,60.1444444444444,19.3361111111111,23.3333333333333,59.7,17.5583333333333,25,"Desert"
"DOM",2020,"Latin America & Caribbean","Upper middle income",8.66666666666667,-0.967350505634997,-0.134244004907025,52.0388888888889,10999664,16768.4261044255,67.1777777777778,32.2722222222222,56.6666666666667,70.3333333333333,36.8666666666667,60,"Desert"
"DZA",2020,"Middle East & North Africa","Lower middle income",13,-1.2518690267517,-0.310105460184007,45.1398148148148,43451666,10844.7707637063,48.5666666666667,50.1861111111111,36.6666666666667,25.4333333333333,49.8916666666667,40,"Desert"
"GAB",2020,"Sub-Saharan Africa","Upper middle income",4,-0.638752414359445,-0.889241064124965,19.7037037037037,2292573,13903.2889546654,24.3444444444444,14.7666666666667,20,25.5666666666667,16.0333333333333,20,"Desert"
"GNB",2020,"Sub-Saharan Africa","Low income",1.33333333333333,-0.717161005342589,-0.144969943795535,24.0740740740741,2015828,1803.6305907651,37.1777777777778,16.7111111111111,18.3333333333333,23.6666666666667,14.6166666666667,15,"Desert"
"GNQ",2020,"Sub-Saharan Africa","Upper middle income",2,-1.13617132381495,-0.634472104478782,25,1596049,15132.3799742142,NA,NA,25,59.1,23.6666666666667,25,"Desert"
"GTM",2020,"Latin America & Caribbean","Upper middle income",9,-0.88849936477614,0.0282266330749046,53.5324074074074,16858333,8389.10673604404,62.0666666666667,56.8638888888889,41.6666666666667,62,58.1583333333333,65,"Desert"
"HND",2020,"Latin America & Caribbean","Lower middle income",6,-0.728682173037842,0.106629334977733,48.0046296296296,10121763,5028.14510891989,62.3222222222222,45.025,36.6666666666667,62.2333333333333,43.4083333333333,30,"Desert"
"HTI",2020,"Latin America & Caribbean","Lower middle income",9.33333333333333,-0.11712512079531,-0.421797472368899,24.9796296296296,11306801,2970.46284530888,30.2,18.0722222222222,26.6666666666667,17.9333333333333,16.6833333333333,40,"Desert"
"IRQ",2020,"Middle East & North Africa","Upper middle income",24.6666666666667,-0.504547366680347,-0.675517343873806,29.6453703703704,42556984,8848.11845678013,28.0111111111111,27.5916666666667,33.3333333333333,34.0333333333333,38.6583333333333,35,"Desert"
"KWT",2020,"Middle East & North Africa","High income",13,-0.404228325125295,-0.251191736574201,53.8481481481481,4360444,43922.6302095626,65.9444444444444,62.2666666666667,33.3333333333333,65.1666666666667,60.55,35,"Desert"
"LBY",2020,"Middle East & North Africa","Upper middle income",3,-1.67009933918699,-1.11862799060927,18.0925925925926,6653942,15621.0000330719,20.8666666666667,13.4111111111111,20,21.3333333333333,10.3166666666667,20,"Desert"
"LSO",2020,"Sub-Saharan Africa","Lower middle income",2.33333333333333,-0.338450467164043,0.417942640499039,45.4861111111111,2254100,2285.08271903552,54.0222222222222,42.4361111111111,40,35.5333333333333,47.975,40,"Desert"
"MDG",2020,"Sub-Saharan Africa","Low income",11,-0.212050474905068,0.0428034005245634,36.2972222222222,28225177,1436.20695047955,58.6777777777778,20.2138888888889,30,63.4333333333333,26.9583333333333,30,"Desert"
"MLI",2020,"Sub-Saharan Africa","Low income",13.6666666666667,0.0102207560403045,0.142170311667998,43.0435185185185,21224040,2123.82820216377,63.5222222222222,35.6083333333333,30,64.3666666666667,35.4083333333333,30,"Desert"
"MMR",2020,"East Asia & Pacific","Lower middle income",26.6666666666667,-0.307184257367943,-0.0577272283821868,48.4462962962963,53423198,4947.09396139339,67.1555555555556,43.1833333333333,35,67.3333333333333,43.6666666666667,35,"Desert"
"MRT",2020,"Sub-Saharan Africa","Lower middle income",2.33333333333333,-1.17328724303187,-0.00352309127745665,40.0009259259259,4498604,5314.84937017167,61.9444444444444,24.725,33.3333333333333,60.9,24.0083333333333,40,"Desert"
"NAM",2020,"Sub-Saharan Africa","Upper middle income",6.66666666666667,0.0161735561148664,-0.0242972975394569,42.2175925925926,2489098,9041.76986048579,63.6111111111111,33.0416666666667,30,64.7,34.0416666666667,30,"Desert"
"NIC",2020,"Latin America & Caribbean","Lower middle income",5.66666666666667,-0.542067641713371,-0.0464832033882798,39.8546296296296,6755895,5230.56142287352,60.1333333333333,29.4305555555556,30,60.3333333333333,32.5416666666667,35,"Desert"
"OMN",2020,"Middle East & North Africa","High income",17,-0.0327916364843714,-0.247735071460492,50.4287037037037,4543399,33098.2098998097,45.5111111111111,65.775,40,47.7333333333333,68.875,45,"Desert"
"PAN",2020,"Latin America & Caribbean","High income",8.66666666666667,-0.56985451900745,-0.159938916909029,51.7101851851852,4294396,26606.2949776853,63.8444444444444,64.6194444444444,26.6666666666667,65.9333333333333,74.025,30,"Desert"
"PNG",2020,"East Asia & Pacific","Lower middle income",8.33333333333333,-0.240350178464534,-0.226608817909667,31.7324074074074,9749640,3741.66157790096,56.1222222222222,17.4083333333333,21.6666666666667,57.8333333333333,15.6583333333333,25,"Desert"
"PRY",2020,"Latin America & Caribbean","Upper middle income",4.66666666666667,-1.15163577623228,0.00142797917452375,53.1740740740741,6618695,13317.3211184333,62.5666666666667,43.6222222222222,53.3333333333333,61.5666666666667,45.1333333333333,65,"Desert"
"QAT",2020,"Middle East & North Africa","High income",13.6666666666667,-0.382107464663674,-0.506777344233502,47.7092592592593,2760385,89019.069857331,51.7111111111111,59.75,31.6666666666667,64.5333333333333,57.7166666666667,25,"Desert"
"SDN",2020,"Sub-Saharan Africa","Low income",23,-0.223782631539297,-0.404868735278098,31.5074074074074,44440486,3874.80029296875,57.9333333333333,24.9222222222222,11.6666666666667,57.9333333333333,24.6333333333333,10,"Desert"
"SOM",2020,"Sub-Saharan Africa","Low income",4.33333333333333,-0.686252818762553,-0.781160855273932,14.1231481481481,16537016,1127.41853399468,38.6111111111111,0.425,3.33333333333333,43.7666666666667,1.275,10,"Desert"
"TCD",2020,"Sub-Saharan Africa","Low income",3.66666666666667,-0.985175160672608,-0.29376564209176,24.7333333333333,16644701,1489.18671217966,42.2555555555556,16.9444444444444,15,57.0333333333333,18.0166666666667,15,"Desert"
"TJK",2020,"Europe & Central Asia","Lower middle income",3.66666666666667,-1.03633427138481,0.0367882010280396,40.9416666666667,9543207,3651.94266028347,30.3666666666667,42.4583333333333,50,28.3666666666667,43.4916666666667,50,"Desert"
"TKM",2020,"Europe & Central Asia","Upper middle income",0.666666666666667,-3.09214668434526,-1.86258333245901,8.34259259259259,6250438,14269.6410297883,0.577777777777778,12.7833333333333,11.6666666666667,0.466666666666666,13.3333333333333,15,"Desert"
"TLS",2020,"East Asia & Pacific","Lower middle income",1.66666666666667,-0.664237180182718,0.358437986728648,49.1472222222222,1299995,4856.51829142539,59.0333333333333,33.4083333333333,55,60.6333333333333,34.8083333333333,55,"Desert"
"TTO",2020,"Latin America & Caribbean","High income",3,-0.898079915911546,-0.275131637975634,39.8824074074074,1518147,23391.3161988332,38.4222222222222,42.8916666666667,38.3333333333333,27.4,43.1583333333333,40,"Desert"
"TUN",2020,"Middle East & North Africa","Lower middle income",17.6666666666667,-0.084925724394652,0.0555697833072575,55.6666666666667,12161723,10040.1359936653,86.2,50.8,30,87.2666666666667,52.7833333333333,30,"Desert"
"UZB",2020,"Europe & Central Asia","Lower middle income",3.33333333333333,-2.28351125906758,-0.000761671265431918,54.3083333333333,34232050,7407.72764008514,56.4666666666667,36.4583333333333,70,74.0666666666667,44.175,80,"Desert"
"BFA",2020,"Sub-Saharan Africa","Low income",18.3333333333333,0.301478933887225,0.0767057084014664,40.2268518518518,21522626,2093.73364729869,51.6111111111111,30.7361111111111,38.3333333333333,35.7,33.325,45,"Oasis"
"BGD",2020,"South Asia","Lower middle income",101.333333333333,0.231725073587312,-0.281891161657596,45.1555555555556,167420951,5591.37377818814,61.3333333333333,49.1333333333333,25,60.8,53.6833333333333,25,"Oasis"
"BWA",2020,"Sub-Saharan Africa","Upper middle income",17,0.752114907988308,0.123044918921341,54.4638888888889,2546402,13545.2181711509,66.8888888888889,58.1694444444444,38.3333333333333,67.5333333333333,64.925,40,"Oasis"
"CHN",2020,"East Asia & Pacific","Upper middle income",992.333333333333,0.641845767671911,-0.748389757507986,46.9490740740741,1411100000,16296.6093789678,45.0666666666667,37.4472222222222,58.3333333333333,42.4,43.275,55,"Oasis"
"CMR",2020,"Sub-Saharan Africa","Lower middle income",32,0.467052457373442,-0.0282817245834357,42.825,26491087,3665.51058111338,62.3333333333333,31.1416666666667,35,63.8666666666667,32.5083333333333,35,"Oasis"
"COG",2020,"Sub-Saharan Africa","Lower middle income",28,1.36504679823944,-0.342226270613232,26.0074074074074,5702174,3384.65433532175,28.4333333333333,27.9222222222222,21.6666666666667,29.4333333333333,29.4666666666667,25,"Oasis"
"ETH",2020,"Sub-Saharan Africa","Low income",133,1.15164317598383,-0.243992948171425,35.6574074074074,117190911,2253.23578832192,58.6,33.3722222222222,15,55.8666666666667,36.8833333333333,15,"Oasis"
"GHA",2020,"Sub-Saharan Africa","Lower middle income",87.6666666666667,1.18285088796884,-0.0413642683862432,47.4064814814815,32180401,5263.52660401553,61.3555555555556,35.8638888888889,45,61.5333333333333,40.3916666666667,45,"Oasis"
"GIN",2020,"Sub-Saharan Africa","Lower middle income",40.6666666666667,1.31453449251868,-0.136027858416202,32.662962962963,13205153,2604.11723407302,61.5222222222222,21.4666666666667,15,61.7666666666667,22.5833333333333,20,"Oasis"
"GMB",2020,"Sub-Saharan Africa","Low income",4.33333333333333,0.24607843946762,0.16400260213801,34.762037037037,2573995,2042.62028935163,41.0444444444444,33.2416666666667,30,32.7333333333333,36.4416666666667,30,"Oasis"
"IRN",2020,"Middle East & North Africa","Lower middle income",228.666666666667,1.0324660438257,-0.417913475118294,47.025,87290193,14432.36271404,49.6333333333333,58.1083333333333,33.3333333333333,29.3,60.2916666666667,30,"Oasis"
"JAM",2020,"Latin America & Caribbean","Upper middle income",7.33333333333333,0.0221551794230104,0.196323078658593,53.6,2820436,9208.3685696662,73.6333333333333,57.1666666666667,30,73.4333333333333,58.3,30,"Oasis"
"JOR",2020,"Middle East & North Africa","Lower middle income",36.6666666666667,0.755394703114233,0.0943613535284724,55.9027777777778,10928721,9184.00354566476,81.5222222222222,52.8527777777778,33.3333333333333,82.9,62.7083333333333,55,"Oasis"
"KEN",2020,"Sub-Saharan Africa","Lower middle income",111,1.18032051983127,-0.0905983235844281,45.6009259259259,51985780,4497.36297502329,60.5333333333333,34.6027777777778,41.6666666666667,60.6666666666667,32.225,40,"Oasis"
"KHM",2020,"East Asia & Pacific","Lower middle income",17.6666666666667,0.113059094601737,0.125702389649798,49.3953703703704,16396860,4276.18453899178,60.0777777777778,44.775,43.3333333333333,61.8333333333333,41.575,45,"Oasis"
"LAO",2020,"East Asia & Pacific","Lower middle income",13.6666666666667,0.105211128298436,-0.103694315173969,42.0611111111111,7319399,7763.94888134096,53.6444444444444,42.5388888888889,30,64.3333333333333,46.55,40,"Oasis"
"LBN",2020,"Middle East & North Africa","Lower middle income",17.3333333333333,0.245534569984391,-0.126082811164712,46.4546296296296,5662923,13791.2702995436,63.7555555555555,48.9416666666667,26.6666666666667,66.0666666666667,49.7583333333333,30,"Oasis"
"LBR",2020,"Sub-Saharan Africa","Low income",7,0.462912964499477,0.245660539362379,36.6675925925926,5087584,1383.82809910001,40.0888888888889,31.5805555555556,38.3333333333333,62.6,33.4416666666667,40,"Oasis"
"MOZ",2020,"Sub-Saharan Africa","Low income",15.3333333333333,0.12544910377843,0.242479981534207,43.0574074074074,31178239,1233.42499595592,57.4333333333333,33.4055555555556,38.3333333333333,57.0333333333333,32.0333333333333,40,"Oasis"
"MWI",2020,"Sub-Saharan Africa","Low income",43,1.37815364492619,0.216415574156763,41.8731481481481,19377061,1489.6013808411,61.9333333333333,38.6861111111111,25,63.3333333333333,46.7083333333333,30,"Oasis"
"NER",2020,"Sub-Saharan Africa","Low income",27.3333333333333,0.871160472515269,0.310383986536192,44.6990740740741,24333639,1214.54655621077,61.2888888888889,36.1416666666667,36.6666666666667,59.9333333333333,33.875,45,"Oasis"
"NGA",2020,"Sub-Saharan Africa","Lower middle income",193.333333333333,0.799949600770288,-0.263929854501471,45.3907407407407,208327405,4865.08683216908,63.9777777777778,33.8611111111111,38.3333333333333,67.1333333333333,36.15,35,"Oasis"
"NPL",2020,"South Asia","Lower middle income",63.6666666666667,1.0767261142173,-0.089146541530384,41.0148148148148,29348627,3761.80278751871,61.7888888888889,41.2555555555556,20,62.7,46.85,20,"Oasis"
"PAK",2020,"South Asia","Lower middle income",132.333333333333,0.351745248606288,-0.307669493287746,44.175,227196741,5004.35224191866,61.2666666666667,39.5916666666667,31.6666666666667,61.8666666666667,44.7083333333333,30,"Oasis"
"SLE",2020,"Sub-Saharan Africa","Low income",11.6666666666667,0.599201740443064,0.180494040309543,37.4731481481481,8233970,1586.35494299166,64.9777777777778,27.4416666666667,20,64.4666666666667,29.1083333333333,20,"Oasis"
"SWZ",2020,"Sub-Saharan Africa","Lower middle income",4,0.0282891804889684,-0.218235754669162,31.3962962962963,1180655,8290.40944491104,32.9333333333333,21.2555555555556,40,20.6,28.3166666666667,40,"Oasis"
"TGO",2020,"Sub-Saharan Africa","Low income",7.66666666666667,0.0423700487451906,0.358592275927335,48.0740740740741,8442580,2064.13660739398,60.4555555555556,42.1,41.6666666666667,61.7,44.25,40,"Oasis"
"TZA",2020,"Sub-Saharan Africa","Lower middle income",65.3333333333333,0.799282630733281,0.124555919606265,49.712037037037,61704518,2551.5068359375,64.2333333333333,41.5694444444444,43.3333333333333,71.3,46.1583333333333,45,"Oasis"
"UGA",2020,"Sub-Saharan Africa","Low income",72,1.16920325270822,0.281832990541749,54.3055555555556,44404611,2240.49023729083,65.0111111111111,36.2388888888889,61.6666666666667,66.6333333333333,36.8166666666667,60,"Oasis"
"ZMB",2020,"Sub-Saharan Africa","Lower middle income",26,0.541835646152088,0.105709525634578,45.5407407407407,18927715,3183.65077326259,60.9555555555556,35.6666666666667,40,67.2666666666667,33.3833333333333,40,"Oasis"
"ZWE",2020,"Sub-Saharan Africa","Lower middle income",22.3333333333333,0.72766437408113,0.349569676542695,50.4175925925926,15669666,1990.31941919825,62.1777777777778,42.4083333333333,46.6666666666667,66.6666666666667,42.6916666666667,50,"Oasis"
"AUS",2020,"East Asia & Pacific","High income",299.666666666667,1.53770702596257,0.0311266726311459,88.6666666666667,25655289,48747.8517145133,91.7,74.3,100,89.7666666666667,73.9666666666667,100,"Ocean"
"AUT",2020,"Europe & Central Asia","High income",39,0.153647005304552,0.144205686091649,90.1759259259259,8916864,51988.4158297933,91.5444444444444,78.9833333333333,100,92.0333333333333,77.45,100,"Ocean"
"BEL",2020,"Europe & Central Asia","High income",46.6666666666667,0.193415909542212,0.0374165087257738,82.0296296296296,11538604,48988.2347037897,83.3555555555555,66.0666666666667,96.6666666666667,82.2,66.3666666666667,95,"Ocean"
"BRA",2020,"Latin America & Caribbean","Upper middle income",272.333333333333,0.639150025684714,-0.0647441803229771,73.2138888888889,213196304,14109.7639690445,84.5333333333333,65.1083333333333,70,87,70.575,70,"Ocean"
"CAN",2020,"North America","High income",246.666666666667,1.11328850475952,0.0300246747780486,91.0796296296296,38007166,46181.7575545756,93.1555555555556,83.4166666666667,96.6666666666667,93.0666666666666,82.0166666666667,95,"Ocean"
"CHE",2020,"Europe & Central Asia","High income",65.3333333333333,0.568576860558127,0.0413516199694657,86.862037037037,8638167,67765.8814290259,88.5888888888889,81.9972222222222,90,90.4333333333333,80.1083333333333,90,"Ocean"
"CHL",2020,"Latin America & Caribbean","High income",47.3333333333333,0.221795233411538,0.104842668817366,76.1611111111111,19300315,22970.5504351843,77.2,59.6166666666667,91.6666666666667,77.6666666666667,59.8,95,"Ocean"
"CZE",2020,"Europe & Central Asia","High income",33.6666666666667,0.0247540584265824,0.16481132619944,86.9027777777778,10697858,38639.9795202601,89.9333333333333,75.775,95,89.6,76.0916666666667,95,"Ocean"
"DEU",2020,"Europe & Central Asia","High income",232.666666666667,0.494626348485588,-0.109839976905204,88.7240740740741,83160871,51840.3296919358,96.0888888888889,75.0833333333333,95,95.3333333333333,75.4166666666667,95,"Ocean"
"DNK",2020,"Europe & Central Asia","High income",75.6666666666667,1.06138752612186,0.183714580556168,91.1907407407407,5831404,55518.5971009156,98.3555555555556,75.2166666666667,100,97.6666666666667,77.9166666666667,100,"Ocean"
"ESP",2020,"Europe & Central Asia","High income",155.333333333333,0.622649973576329,0.0382797874262018,88.125,47365655,35987.2396448422,90.9888888888889,75.0527777777778,98.3333333333333,91.2333333333333,69.425,100,"Ocean"
"EST",2020,"Europe & Central Asia","High income",11.3333333333333,0.320704599650439,0.414135768859225,87.5416666666667,1329522,35883.265325261,93.2333333333333,69.3916666666667,100,91.8333333333333,70.2916666666667,100,"Ocean"
"FIN",2020,"Europe & Central Asia","High income",61.6666666666667,0.96402589105993,0.21208571986078,89.5185185185185,5529543,47371.2175698728,95.1888888888889,73.3666666666667,100,95.7,75.6666666666667,100,"Ocean"
"FRA",2020,"Europe & Central Asia","High income",127.333333333333,0.120326086269551,-0.0674561150175643,85.8435185185185,67571107,42233.1396001127,90.1222222222222,67.4083333333333,100,88.7666666666667,68.9416666666667,100,"Ocean"
"GBR",2020,"Europe & Central Asia","High income",184,0.498543509324817,-0.127065538671072,80.5675925925926,67081234,41741.0214460528,86.9777777777778,64.725,90,87.3333333333333,64.2916666666667,90,"Ocean"
"GEO",2020,"Europe & Central Asia","Upper middle income",26.6666666666667,0.942264593924337,0.397258707472138,75.2092592592593,3722716,13966.3263350166,88.0555555555556,60.9055555555556,76.6666666666667,91.2333333333333,70.8166666666667,85,"Ocean"
"GRC",2020,"Europe & Central Asia","High income",56.3333333333333,0.70216287709278,0.241220224597777,85.5537037037037,10698599,27103.5409073372,87.7333333333333,70.5944444444444,98.3333333333333,88.2,71.9,100,"Ocean"
"HRV",2020,"Europe & Central Asia","High income",20.6666666666667,0.331692467713424,0.115607644015896,67.9092592592593,4047680,26945.878450493,52.5111111111111,64.55,86.6666666666667,56,65.9166666666667,90,"Ocean"
"IDN",2020,"East Asia & Pacific","Upper middle income",250.666666666667,0.491988733815077,-0.188546390211926,62.9796296296296,271857970,11515.6807436154,88.8,45.1388888888889,55,91.7333333333333,47.8333333333333,55,"Ocean"
"IND",2020,"South Asia","Lower middle income",387.333333333333,0.153253219613876,-0.103122108934099,69.487962962963,1396387127,6172.04238639144,88.0888888888889,67.0416666666667,53.3333333333333,88.3333333333333,65.025,55,"Ocean"
"IRL",2020,"Europe & Central Asia","High income",71.6666666666667,0.88014108432801,0.0276138348744093,87.3046296296296,4985382,91356.855053802,95.4222222222222,68.1583333333333,98.3333333333333,96.8,71.7916666666667,100,"Ocean"
"ISR",2020,"Middle East & North Africa","High income",47.3333333333333,0.449917349693682,0.047030701805002,76.5518518518519,9215100,39680.6658703571,86.0888888888889,46.9,96.6666666666667,86.8,47.7333333333333,95,"Ocean"
"ITA",2020,"Europe & Central Asia","High income",184,0.606980180087229,0.0231794768295481,90.8666666666667,59438851,39091.4060550177,91.9666666666667,80.6333333333333,100,92.1666666666667,78.25,100,"Ocean"
"JPN",2020,"East Asia & Pacific","High income",306.333333333333,0.618261573375113,-0.0918956510279632,88.2972222222222,126261000,39989.5786066818,90.3,79.5916666666667,95,89.8333333333333,80.475,95,"Ocean"
"KOR",2020,"East Asia & Pacific","High income",201,0.746768328053985,-0.037057628281187,86.1083333333333,51836239,42396.7619441995,93.2111111111111,80.1138888888889,85,92.8333333333333,83.875,85,"Ocean"
"LKA",2020,"South Asia","Lower middle income",41,0.259013489890934,0.0986049730680705,66.1027777777778,21919000,12939.4405656548,81.1,72.2083333333333,45,81.2333333333333,83.775,45,"Ocean"
"MNG",2020,"East Asia & Pacific","Lower middle income",15.6666666666667,0.572102430685148,0.389007345142717,70.2638888888889,3294335,11666.779701199,85.6333333333333,65.1583333333333,60,96.9,67.5916666666667,60,"Ocean"
"MYS",2020,"East Asia & Pacific","Upper middle income",160.333333333333,1.03662679201958,-0.0990747690456004,67.8537037037037,33199993,25830.9735903922,84.1111111111111,69.45,50,84.2666666666667,71.95,50,"Ocean"
"NLD",2020,"Europe & Central Asia","High income",146.666666666667,1.02390498321176,0.0542935515368015,89.5416666666667,17441500,54275.0030465677,98.0333333333333,70.5916666666667,100,97.1,71.9416666666667,100,"Ocean"
"NOR",2020,"Europe & Central Asia","High income",82.3333333333333,1.13447210653672,0.154292800484596,91.0046296296296,5379475,63776.1609653442,92.9222222222222,80.0916666666667,100,94.3,78.9416666666667,100,"Ocean"
"NZL",2020,"East Asia & Pacific","High income",119.666666666667,1.73525708677352,0.173397243102874,82.7638888888889,5090200,42052.1409677726,92.3,64.325,91.6666666666667,93.6333333333333,66.6416666666667,85,"Ocean"
"POL",2020,"Europe & Central Asia","High income",97.6666666666667,0.349167057527433,0.120403383406897,91.0101851851852,37899070,32546.8259419319,95.4888888888889,79.2083333333333,98.3333333333333,96.2666666666666,78.1916666666667,100,"Ocean"
"PRT",2020,"Europe & Central Asia","High income",52.6666666666667,0.583294175197304,0.199154068502809,85.3018518518519,10297081,32011.3251586829,91.1444444444444,64.7611111111111,100,91.9,62.7,100,"Ocean"
"PSE",2020,"Middle East & North Africa","Upper middle income",15,0.637509857980564,0.598837225231756,73.8851851851852,4803269,5402.5387727565,88.3111111111111,70.0111111111111,63.3333333333333,91.8,74.4,70,"Ocean"
"RWA",2020,"Sub-Saharan Africa","Low income",19.6666666666667,0.696987777345393,0.469129644061576,56.312037037037,13146362,2066.62865925286,72.8333333333333,49.4361111111111,46.6666666666667,73.6333333333333,53.6583333333333,50,"Ocean"
"SAU",2020,"Middle East & North Africa","High income",96.6666666666667,0.225949496783365,-0.304621283581582,64.2787037037037,35997107,44770.9082797609,67.6111111111111,78.5583333333333,46.6666666666667,81.3666666666667,77.725,60,"Ocean"
"SEN",2020,"Sub-Saharan Africa","Lower middle income",17.6666666666667,0.218793613207795,0.360241734737231,58.787962962963,16436120,3384.44178246626,81.6777777777778,43.0194444444444,51.6666666666667,82.9666666666667,49.225,65,"Ocean"
"SGP",2020,"East Asia & Pacific","High income",63.6666666666667,0.659114347259375,-0.0936359352318874,79.2101851851852,5685807,94910.1014313726,99.8888888888889,59.4083333333333,78.3333333333333,99.6666666666667,71.5583333333333,80,"Ocean"
"SVN",2020,"Europe & Central Asia","High income",13.3333333333333,0.171094559989378,0.375971524597666,89.2601851851852,2102419,37098.119340397,96.5888888888889,71.1916666666667,100,95.9,70.6916666666667,100,"Ocean"
"SWE",2020,"Europe & Central Asia","High income",127.333333333333,1.24596767373468,0.121995221705451,89.3185185185185,10353442,51331.2822226344,95.3888888888889,72.5666666666667,100,96.4333333333333,72.6666666666667,100,"Ocean"
"THA",2020,"East Asia & Pacific","Upper middle income",105.666666666667,0.318498514755072,-0.0516337012228982,69.1342592592593,71475664,16865.5487709163,77.5111111111111,58.225,71.6666666666667,79.6,58.975,75,"Ocean"
"TUR",2020,"Europe & Central Asia","Upper middle income",135.666666666667,0.232834206966059,-0.0489250468100026,80.5064814814815,83481684,28150.0589486703,85.0444444444444,56.475,100,85.5666666666667,58.1583333333333,100,"Ocean"
"TUR",2020,"Europe & Central Asia","Upper middle income",135.666666666667,0.22254530115976,-0.0618955468259603,79.7712962962963,84135428,28473.2058583828,84.5222222222222,54.7916666666667,100,85.5666666666667,58.1583333333333,100,"Ocean"
"USA",2020,"North America","High income",605.333333333333,0.486730935576686,-0.24462369680495,93.4222222222222,331511512,60158.9104528302,93.5666666666667,86.7,100,92.7,85.1,100,"Ocean"
"ZAF",2020,"Sub-Saharan Africa","Upper middle income",183,1.1200896589872,0.0762978239246825,71.6537037037037,58801927,12815.9095905293,85.8444444444444,64.1166666666667,65,86.5333333333333,61.95,65,"Ocean"
"ALB",2020,"Europe & Central Asia","Upper middle income",4.66666666666667,-0.601722182104899,0.406619926852403,72.7861111111111,2837849,13278.3697687086,69.3888888888889,63.9694444444444,85,68.6333333333333,73.025,95,"Swamp"
"ARG",2020,"Latin America & Caribbean","Upper middle income",43.3333333333333,-0.349464512110797,-0.211007696816793,58.4555555555556,45376763,19685.215869505,79.9111111111111,60.4555555555556,35,80.8,59.35,35,"Swamp"
"ARM",2020,"Europe & Central Asia","Upper middle income",3.33333333333333,-0.933525237292743,0.459117493243749,76.7342592592593,2805608,13357.6970638572,84.9444444444444,60.2583333333333,85,84.9,60.8916666666667,85,"Swamp"
"AZE",2020,"Europe & Central Asia","Upper middle income",7.66666666666667,-0.942422962524282,0.183399823455764,67.2546296296296,10093121,13726.7696576885,65.7888888888889,55.975,80,68.1,57.7416666666667,80,"Swamp"
"BGR",2020,"Europe & Central Asia","Upper middle income",14.3333333333333,-0.29980424028675,0.314629677969063,83.7351851851852,6934015,22479.5829396574,90.4222222222222,70.7833333333333,90,91.0666666666666,70.6666666666667,90,"Swamp"
"BIH",2020,"Europe & Central Asia","Upper middle income",6.66666666666667,-0.389517228146099,0.127466646761051,57.3685185185185,3318407,14587.4817369059,61.3555555555556,50.75,60,62.7333333333333,57.4833333333333,60,"Swamp"
"BLR",2020,"Europe & Central Asia","Upper middle income",4.33333333333333,-1.6203750137371,0.195688231445695,73.7435185185185,9379952,19239.5531427458,81.2555555555556,53.3083333333333,86.6666666666667,85.3,54.5083333333333,95,"Swamp"
"COL",2020,"Latin America & Caribbean","Upper middle income",52.6666666666667,-0.0513367276365511,-0.0928817305066252,60.2240740740741,50930662,13358.2980828837,84.5111111111111,44.4944444444444,51.6666666666667,85,44.7666666666667,55,"Swamp"
"CRI",2020,"Latin America & Caribbean","Upper middle income",12,-0.222692520592552,0.249248261553749,73.4574074074074,5123105,19778.3865302613,86.6555555555556,68.7166666666667,65,87.0333333333333,73.2166666666667,70,"Swamp"
"CYP",2020,"Europe & Central Asia","High income",7.33333333333333,-0.111809734659281,0.346932530869834,83.2583333333333,1237537,39464.53515625,91.9666666666666,72.8083333333333,85,91.3666666666667,73.4583333333333,85,"Swamp"
"CZE",2020,"Europe & Central Asia","High income",33.6666666666667,-0.00075093727682507,0.149713689511136,86.9,10671870,40989.7266228223,89.7666666666667,75.9333333333333,95,89.6,76.0916666666667,95,"Swamp"
"ECU",2020,"Latin America & Caribbean","Upper middle income",20.3333333333333,-0.197597600858311,0.141025486542491,63.5814814814815,17588595,10356.9742017158,88.4444444444444,57.3,45,89.8666666666666,60.7166666666667,45,"Swamp"
"EGY",2020,"Middle East & North Africa","Lower middle income",56,-0.424074964776015,-0.0447843405711454,66.5453703703704,107465134,11989.5992514646,77.1777777777778,62.4583333333333,60,77.9333333333333,69.7083333333333,60,"Swamp"
"HUN",2020,"Europe & Central Asia","High income",25,-0.115153952328914,0.21654701226341,85.7435185185185,9750149,31232.1010809908,87.5888888888889,69.6416666666667,100,89.0333333333333,72.3916666666667,100,"Swamp"
"KAZ",2020,"Europe & Central Asia","Upper middle income",11.3333333333333,-1.23455143808736,0.0334285442791238,72.5361111111111,18755666,25361.5079910015,84.2,63.4083333333333,70,88.3333333333333,65.525,70,"Swamp"
"KGZ",2020,"Europe & Central Asia","Lower middle income",3.66666666666667,-0.913773071907649,0.567352282958293,71.5166666666667,6579900,4726.19655886361,81.5,53.05,80,81.5666666666666,53.0333333333333,85,"Swamp"
"LTU",2020,"Europe & Central Asia","High income",13,-0.0394887304255565,0.326968534092081,87.6583333333333,2794885,37166.2960567827,92,70.975,100,92.3333333333333,69.1916666666667,100,"Swamp"
"LVA",2020,"Europe & Central Asia","High income",9.33333333333333,-0.0313481393633497,0.392388354708543,85.3638888888889,1900449,30568.5018156322,88.7333333333333,67.3583333333333,100,87.8666666666667,65.9916666666667,100,"Swamp"
"MAR",2020,"Middle East & North Africa","Lower middle income",21.3333333333333,-0.480592938768408,0.0250209623253905,56.4111111111111,36688772,7545.9951171875,89.1333333333333,31.7666666666667,48.3333333333333,90.6,38.25,50,"Swamp"
"MDA",2020,"Europe & Central Asia","Upper middle income",2.66666666666667,-1.06107909359046,0.530205828500701,79.3305555555555,2635130,11848.8995265762,94.6,60.0583333333333,83.3333333333333,95.3333333333333,62.5416666666667,90,"Swamp"
"MEX",2020,"Latin America & Caribbean","Upper middle income",115,-0.0022363516217565,0.0517739989845394,83.2305555555556,125998302,18327.9907632396,93.0666666666666,81.625,75,93.3333333333333,84.3083333333333,75,"Swamp"
"MKD",2020,"Europe & Central Asia","Upper middle income",5.66666666666667,-0.283157753178289,0.358172424791624,70.1268518518519,2072531,15779.7301930183,88,59.0472222222222,63.3333333333333,87.8666666666667,65.175,70,"Swamp"
"MUS",2020,"Sub-Saharan Africa","Upper middle income",3,-0.713595204582869,0.40119005360141,74.0712962962963,1266014,20219.8100811806,86.3555555555556,65.8583333333333,70,86.6666666666667,64.825,70,"Swamp"
"PER",2020,"Latin America & Caribbean","Upper middle income",35.3333333333333,-0.0939828207697988,-0.0329912980214315,58.3546296296296,33304756,11187.3437896037,85.9555555555555,50.775,38.3333333333333,86.3333333333333,50.0583333333333,35,"Swamp"
"PHL",2020,"East Asia & Pacific","Lower middle income",38.6666666666667,-0.623536840528924,0.107079808618066,69.5361111111111,112190977,7773.26023074407,90.1,81.8416666666667,36.6666666666667,93.7666666666667,85.175,40,"Swamp"
"ROU",2020,"Europe & Central Asia","High income",41.6666666666667,-0.0123669694899462,0.10647027706776,81.0694444444444,19265250,29057.2846039286,88.4666666666667,73.075,81.6666666666667,91.0666666666666,71.9416666666667,90,"Swamp"
"RUS",2020,"Europe & Central Asia","Upper middle income",71,-0.741960461123251,-0.119933717558062,78.3194444444444,144073139,26586.5546875,84.3888888888889,63.9027777777778,86.6666666666667,85.8333333333333,65.1416666666667,90,"Swamp"
"SLV",2020,"Latin America & Caribbean","Upper middle income",3.33333333333333,-1.23826055107248,0.257122587337831,60.4,6292731,8295.62799199355,79.7333333333333,44.8,56.6666666666667,79.3333333333333,44.5333333333333,60,"Swamp"
"SRB",2020,"Europe & Central Asia","Upper middle income",17.3333333333333,-0.0111940262353571,0.20425167062846,71.0092592592593,6899126,18262.7064015108,69.1777777777778,65.5166666666667,78.3333333333333,72.8,71.8666666666667,80,"Swamp"
"SVK",2020,"Europe & Central Asia","High income",16.3333333333333,-0.161070212678214,0.321066690901571,89.2675925925926,5458827,30960.2572999712,95.3444444444444,72.4583333333333,100,96.1666666666667,71.1916666666667,100,"Swamp"
"UKR",2020,"Europe & Central Asia","Lower middle income",30,-0.487449332806694,0.0165921327185776,64.9148148148148,44132049,12407.7900390625,49.0888888888889,52.3222222222222,93.3333333333333,55.1333333333333,58.9333333333333,95,"Swamp"
"URY",2020,"Latin America & Caribbean","High income",9,-0.300674356603749,0.02876594477158,58.0805555555556,3429086,22073.3748726635,84.8333333333333,66.075,23.3333333333333,86.7,65.5916666666667,25,"Swamp"
"VNM",2020,"East Asia & Pacific","Lower middle income",74,-0.0136239149616975,-0.118007326839821,59.0074074074074,96648685,10450.6223815693,65.3222222222222,76.7,35,67.9666666666667,78.65,35,"Swamp"
"XKX",2020,"Europe & Central Asia","Upper middle income",5,-0.135505770417072,0.359288330535954,62.4944444444444,1790133,10706.5139756298,66.6555555555556,NA,58.3333333333333,67.9666666666667,NA,60,"Swamp"
"CUB",2020,"Latin America & Caribbean","Upper middle income",7.66666666666667,NA,NA,NA,11300698,NA,NA,NA,NA,NA,NA,NA,NA
"ERI",2020,"Sub-Saharan Africa","Low income",4,NA,NA,11.6666666666667,3555868,NA,NA,NA,11.6666666666667,NA,NA,15,NA
"HKG",2020,"East Asia & Pacific","High income",54.3333333333333,0.565745341961558,NA,NA,7481000,55892.1109747094,NA,NA,NA,NA,NA,NA,NA
"PRI",2020,"Latin America & Caribbean","High income",11.6666666666667,-0.189267411953484,NA,NA,3281557,32437.9651479134,NA,NA,NA,NA,NA,NA,NA
"PRK",2020,"East Asia & Pacific","Low income",3,NA,NA,NA,25867467,NA,NA,NA,NA,NA,NA,NA,NA
"SSD",2020,"Sub-Saharan Africa","Low income",2,NA,NA,24.2046296296296,10606227,NA,31.0666666666667,14.8805555555556,26.6666666666667,43,10.6916666666667,20,NA
"SYR",2020,"Middle East & North Africa","Low income",9.66666666666667,NA,NA,22.4740740740741,20772595,NA,24.9555555555556,17.4666666666667,25,25.2,16.9166666666667,25,NA
"VEN",2020,"Latin America & Caribbean","Not classified",6.33333333333333,NA,NA,40.4962962962963,28490453,NA,59.9,36.5888888888889,25,59.9,34.1,25,NA
"YEM",2020,"Middle East & North Africa","Low income",9.66666666666667,NA,NA,22.2768518518519,32284046,NA,26.1888888888889,18.975,21.6666666666667,27.5,16.0916666666667,20,NA
